City_ID,City,Lat,Lng,Max Temp,Humidity,Cloudiness,Wind Speed,Country,Date
0,isafjordur,66.0755,-23.124,271.85,80,100,5.57,IS,1702951168
1,fale old settlement,-9.3852,-171.2468,302.19,74,100,1.27,TK,1702951168
2,albany,42.6001,-73.9662,279.59,83,77,3.7,US,1702950925
3,georgetown,5.4112,100.3354,301.11,82,20,2.06,MY,1702951077
4,tumayr,25.7039,45.868,286.07,74,80,3.09,SA,1702951169
5,namibe,-15.1961,12.1522,295.91,81,94,2.21,AO,1702951169
6,horta,38.5333,-28.6333,286.49,90,100,12.07,PT,1702951169
7,cabo san lucas,22.8909,-109.9124,298.57,67,88,3.28,MX,1702950959
8,port-aux-francais,-49.35,70.2167,280.76,89,95,15.36,TF,1702951169
9,burang,30.25,81.1667,260.14,71,0,2.69,CN,1702951058
10,punta arenas,-53.15,-70.9167,285.21,66,0,7.72,CL,1702951048
11,happy valley-goose bay,53.3168,-60.3315,281.32,76,100,8.75,CA,1702951170
12,waitangi,-43.9535,-176.5597,289.72,73,43,1.34,NZ,1702951170
13,west island,-12.1568,96.8225,302.14,65,20,3.6,CC,1702951170
14,northam,51.0333,-4.2167,286.14,98,100,8.69,GB,1702951171
15,iqaluit,63.7506,-68.5145,243.37,86,7,2.61,CA,1702951171
16,grand-bassam,5.2118,-3.7388,301.13,85,79,1.0,CI,1702951171
17,edinburgh of the seven seas,-37.0676,-12.3116,288.04,79,71,9.0,SH,1702951047
18,grytviken,-54.2811,-36.5092,274.71,83,24,1.4,GS,1702951044
19,ilulissat,69.2167,-51.1,259.13,72,100,5.92,GL,1702951171
20,hermanus,-34.4187,19.2345,288.1,78,0,4.38,ZA,1702951172
21,lebu,-37.6167,-73.65,285.02,82,9,7.73,CL,1702951047
22,lazaro cardenas,17.9583,-102.2,298.78,81,5,2.04,MX,1702951172
23,enewetak,11.3474,162.3373,300.46,77,37,8.65,MH,1702951172
24,talnakh,69.4865,88.3972,260.49,74,100,9.56,RU,1702951172
25,gewane,10.1664,40.6453,293.84,58,94,3.12,ET,1702951173
26,puerto cabello,10.4731,-68.0125,299.9,81,78,1.77,VE,1702951173
27,qaqortoq,60.7167,-46.0333,268.07,86,100,4.35,GL,1702951173
28,port elizabeth,-33.918,25.5701,289.87,92,0,1.54,ZA,1702951052
29,fortuna,40.5982,-124.1573,290.34,94,100,10.8,US,1702951079
30,beloyarskiy,63.7119,66.6722,259.84,92,100,4.04,RU,1702951174
31,capayan,-28.761,-66.0502,294.71,70,97,1.1,AR,1702951174
32,fairfield,41.2668,-73.3162,281.4,66,0,5.66,US,1702950978
33,bethel,41.3712,-73.414,281.08,77,0,2.57,US,1702951047
34,plettenberg bay,-34.0527,23.3716,289.49,84,41,0.71,ZA,1702951174
35,howard springs,-12.497,131.047,306.47,80,84,4.14,AU,1702951174
36,hamilton,39.1834,-84.5333,272.47,71,75,7.72,US,1702950889
37,norilsk,69.3535,88.2027,260.61,73,100,8.68,RU,1702951175
38,chhabra,24.6667,76.8333,286.11,46,99,1.91,IN,1702951175
39,bredasdorp,-34.5322,20.0403,287.38,74,0,1.62,ZA,1702951175
40,revda,56.801,59.9303,262.71,95,55,2.71,RU,1702951176
41,sittwe,20.15,92.9,293.77,65,0,1.95,MM,1702951176
42,adamstown,-25.066,-130.1015,295.97,79,100,7.03,PN,1702951176
43,izazi,-7.2,35.7333,296.08,78,51,0.63,TZ,1702951176
44,touros,-5.1989,-35.4608,299.66,79,100,4.2,BR,1702951176
45,kolodeznyy,51.3333,39.1833,275.51,100,100,3.89,RU,1702951177
46,pokhara,28.2333,83.9833,285.02,22,22,1.92,NP,1702951177
47,tirano,46.2154,10.1679,285.67,32,0,2.97,IT,1702951177
48,selfoss,63.9331,-20.9971,273.73,83,100,2.9,IS,1702951177
49,i-n-salah,27.1935,2.4607,281.11,51,0,3.76,DZ,1702951178
50,ballina,-28.8667,153.5667,301.21,62,44,7.64,AU,1702950974
51,uturoa,-16.7333,-151.4333,300.06,77,100,3.83,PF,1702951179
52,whitehorse,60.7161,-135.0538,261.38,82,20,1.54,CA,1702951179
53,kuala terengganu,5.3302,103.1408,298.12,100,20,1.03,MY,1702951179
54,angaur state,6.906,134.13,301.63,74,80,6.48,PW,1702951179
55,afaahiti,-17.75,-149.2833,301.08,84,100,4.54,PF,1702951179
56,kavaratti,10.5669,72.642,298.15,91,100,4.31,IN,1702951180
57,aasiaat,68.7098,-52.8699,260.78,84,100,11.97,GL,1702951180
58,beira,-19.8436,34.8389,300.2,78,0,1.03,MZ,1702951180
59,kokpekty,48.75,82.4,249.87,85,98,1.33,KZ,1702951180
60,kodiak,57.79,-152.4072,269.88,80,100,2.06,US,1702951111
61,safotu,-13.4513,-172.4018,301.67,79,79,5.1,WS,1702951180
62,iguatu,-6.3594,-39.2986,300.67,65,100,2.96,BR,1702951181
63,puerto natales,-51.7236,-72.4875,281.6,82,95,2.19,CL,1702951042
64,santyoku,37.4406,129.1708,275.04,29,43,1.24,KR,1702951181
65,blackmans bay,-43.0167,147.3167,289.22,76,91,4.52,AU,1702951181
66,howrah,22.5892,88.3103,287.15,77,10,2.57,IN,1702951181
67,kyren,51.6828,102.1408,247.01,91,77,0.36,RU,1702951181
68,bilibino,68.0546,166.4372,240.82,98,100,0.64,RU,1702951181
69,carmo,-21.9336,-42.6086,292.67,96,1,0.88,BR,1702951182
70,collie,-33.3667,116.15,297.29,29,3,5.39,AU,1702951182
71,fort mcmurray,56.7268,-111.381,271.88,54,0,4.12,CA,1702951182
72,iskateley,67.6803,53.1512,261.49,93,98,6.71,RU,1702951182
73,pueblo nuevo,23.3833,-105.3833,284.62,62,14,2.43,MX,1702951182
74,la'ie,21.6477,-157.9253,294.82,77,100,9.38,US,1702951182
75,basco,20.4487,121.9702,298.79,83,85,10.19,PH,1702951182
76,villa gesell,-37.2639,-56.973,287.23,64,66,10.17,AR,1702951182
77,roswell,34.0232,-84.3616,280.92,50,0,8.75,US,1702951147
78,luga,58.7372,29.8453,275.22,99,100,3.7,RU,1702951183
79,katsuura,35.1333,140.3,282.55,73,100,4.6,JP,1702951183
80,colonia menno,-22.3667,-59.8167,308.97,28,99,7.22,PY,1702951068
81,thompson,55.7435,-97.8558,265.24,79,0,4.12,CA,1702951183
82,utrik,11.2278,169.8474,299.99,78,20,9.97,MH,1702951184
83,chonchi,-42.6128,-73.8092,284.71,84,0,1.7,CL,1702951184
84,vangaindrano,-23.35,47.6,294.93,92,64,2.33,MG,1702951184
85,defiance,41.3334,-84.45,272.54,80,100,8.53,US,1702951184
86,barra de santo antonio,-9.4047,-35.5072,297.75,85,99,4.06,BR,1702951184
87,puerto ayora,-0.7393,-90.3518,297.9,95,56,1.79,EC,1702951184
88,nova sintra,14.8667,-24.7167,294.46,69,13,5.6,CV,1702951184
89,lorengau,-2.0226,147.2712,302.66,73,86,3.08,PG,1702951184
90,hammerfest,70.6634,23.6821,271.4,100,75,1.54,NO,1702951185
91,sisimiut,66.9395,-53.6735,262.89,79,100,14.9,GL,1702951185
92,charlestown,-32.95,151.6667,306.31,66,99,0.89,AU,1702951185
93,kombolcha,11.0816,39.7434,286.02,74,53,0.44,ET,1702951185
94,keflavik,64.0049,-22.5624,276.1,86,75,8.75,IS,1702951082
95,saldanha,-33.0117,17.9442,287.18,81,3,7.54,ZA,1702951077
96,tura,25.5198,90.2201,290.19,78,2,1.1,IN,1702951185
97,klyuchi,52.2667,79.1667,260.68,57,100,8.48,RU,1702951185
98,badger,64.8,-147.5333,261.29,91,100,0.0,US,1702951185
99,ushuaia,-54.8,-68.3,285.96,67,75,7.72,AR,1702950901
100,atafu village,-8.5421,-172.5159,302.57,75,98,3.07,TK,1702951186
101,dudinka,69.4058,86.1778,260.72,83,100,13.41,RU,1702951186
102,sudak,44.85,34.9667,280.5,90,100,2.09,UA,1702951186
103,boyolangu,-8.1181,111.8935,301.08,57,65,3.71,ID,1702951186
104,castillos,-34.1667,-53.8333,288.25,92,100,6.19,UY,1702951186
105,ardanuc,41.1274,42.0629,274.15,85,22,1.27,TR,1702951186
106,margaret river,-33.95,115.0667,295.86,39,0,3.22,AU,1702950996
107,kruisfontein,-34.0033,24.7314,288.64,92,12,0.12,ZA,1702951062
108,preston,53.7667,-2.7167,284.08,93,100,3.81,GB,1702951186
109,hawaiian paradise park,19.5933,-154.9731,294.84,91,65,1.34,US,1702951187
110,pratt,37.6439,-98.7376,275.49,60,0,2.57,US,1702951187
111,nagqu,31.5,92.0,250.29,76,4,0.91,CN,1702951187
112,lamu,-2.2717,40.902,298.27,85,100,4.33,KE,1702951187
113,fortaleza,-3.7227,-38.5247,302.63,81,20,2.57,BR,1702951102
114,weligama,5.9667,80.4167,298.21,89,72,2.23,LK,1702951187
115,hasaki,35.7333,140.8333,282.2,78,100,5.93,JP,1702951187
116,greenville,35.6127,-77.3663,282.66,75,40,2.57,US,1702951187
117,wotho,10.1657,166.0102,300.29,76,5,9.48,MH,1702951187
118,la passe,45.5549,-0.8967,276.28,85,18,0.53,FR,1702951188
119,khilok,51.3674,110.4676,249.3,88,100,2.1,RU,1702951188
120,ribeira grande,38.5167,-28.7,286.91,90,100,12.07,PT,1702951188
121,taltal,-25.4,-70.4833,291.64,78,6,1.23,CL,1702951188
122,olonkinbyen,70.9221,-8.7187,269.62,70,100,4.1,SJ,1702951188
123,haiku-pauwela,20.9219,-156.3051,298.16,68,40,10.29,US,1702951060
124,kamaishi,39.2667,141.8833,275.47,56,100,1.7,JP,1702951188
125,sao felix do xingu,-6.6447,-51.995,297.46,84,74,0.7,BR,1702951189
126,puerto baquerizo moreno,-0.9,-89.6,297.27,89,75,4.76,EC,1702951189
127,grand gaube,-20.0064,57.6608,300.03,92,100,4.38,MU,1702951189
128,kintampo,8.0563,-1.7306,296.85,18,8,1.04,GH,1702951189
129,ercis,39.0287,43.3586,268.7,56,89,1.64,TR,1702951189
130,ribeira brava,32.65,-17.0667,291.5,66,0,2.66,PT,1702951189
131,anadyr,64.75,177.4833,254.43,78,40,3.0,RU,1702951051
132,guanica,17.9716,-66.908,299.8,61,19,4.42,PR,1702951189
133,tsiombe,-25.3,45.4833,295.3,89,31,3.09,MG,1702951062
134,kolosovka,56.4678,73.611,263.56,94,100,6.56,RU,1702951190
135,remire-montjoly,4.9167,-52.2667,300.17,89,40,1.54,GF,1702951190
136,vadso,70.0744,29.7487,272.24,74,49,13.38,NO,1702951190
137,port lincoln,-34.7333,135.8667,289.91,57,0,8.78,AU,1702951190
138,severo-yeniseyskiy,60.3725,93.0408,240.69,100,97,1.34,RU,1702951190
139,stanley,54.868,-1.6985,281.77,85,40,5.66,GB,1702951044
140,praia da vitoria,38.7333,-27.0667,288.01,94,75,9.79,PT,1702951190
141,cidade velha,14.9167,-23.6167,297.41,69,20,7.2,CV,1702951190
142,ust-nera,64.5667,143.2,237.99,97,98,1.52,RU,1702951190
143,magadan,59.5667,150.8,250.93,85,59,5.37,RU,1702951191
144,eyl,7.9803,49.8164,297.99,74,80,9.22,SO,1702951191
145,sur,22.5667,59.5289,294.06,55,3,3.13,OM,1702951191
146,ginir,7.1333,40.7,286.01,41,67,2.48,ET,1702951191
147,carnarvon,-24.8667,113.6333,297.89,71,15,5.09,AU,1702951057
148,bukene,-4.2333,32.8833,293.32,85,94,0.99,TZ,1702951191
149,estevan,49.1334,-102.9842,270.26,80,100,3.09,CA,1702951191
150,choibalsan,48.0667,114.5,248.25,86,99,4.09,MN,1702951191
151,longyearbyen,78.2186,15.6401,269.06,68,75,4.12,SJ,1702951054
152,yellowknife,62.456,-114.3525,250.44,84,40,4.12,CA,1702951192
153,punta del este,-34.9667,-54.95,290.21,83,75,8.23,UY,1702951192
154,alofi,-19.0595,-169.9187,302.09,74,75,9.77,NU,1702951192
155,phek,25.6667,94.5,279.58,86,47,0.77,IN,1702951192
156,princeville,45.7668,-61.2985,287.27,92,100,9.26,CA,1702951192
157,sotkamo,64.1333,28.4167,272.16,97,100,2.99,FI,1702951192
158,polyarnyy,69.1989,33.4478,263.45,87,7,5.7,RU,1702951050
159,ishinomaki,38.4167,141.3,277.15,64,100,2.47,JP,1702951192
160,mejit,10.2753,170.8646,300.15,73,20,10.22,MH,1702951070
161,kavieng,-2.5744,150.7967,301.78,75,99,2.42,PG,1702951193
162,harper,4.375,-7.7169,298.96,85,84,1.19,LR,1702951193
163,constantia,44.1833,28.65,275.76,75,6,3.77,RO,1702951193
164,terrace,54.5163,-128.6035,274.1,80,100,12.86,CA,1702951193
165,mount gambier,-37.8333,140.7667,291.0,43,3,5.44,AU,1702951046
166,castelli,-25.9468,-60.6195,299.57,76,70,5.55,AR,1702951193
167,flying fish cove,-10.4217,105.6791,300.97,69,40,3.09,CX,1702951077
168,richards bay,-28.783,32.0377,295.19,93,100,6.6,ZA,1702951194
169,tabou,4.423,-7.3528,299.0,85,52,1.2,CI,1702951194
170,papao,-17.75,-149.55,301.97,74,100,2.4,PF,1702951195
171,alaghsas,17.0187,8.0168,290.26,25,7,2.82,NE,1702951195
172,mascote,-15.5631,-39.3025,294.71,96,1,0.95,BR,1702951195
173,ndele,8.4109,20.6473,296.66,32,100,1.65,CF,1702951195
174,east london,-33.0153,27.9116,291.87,84,18,3.24,ZA,1702951055
175,tazovsky,67.4667,78.7,258.54,89,100,8.9,RU,1702951056
176,deniliquin,-35.5333,144.9667,298.86,41,100,8.04,AU,1702951195
177,ambarawa,-7.2633,110.3975,300.02,51,23,1.49,ID,1702951195
178,udachny,66.4167,112.4,244.42,96,84,1.31,RU,1702951062
179,cutral-co,-38.9469,-69.2089,289.21,10,40,1.79,AR,1702951195
180,lewistown,40.5992,-77.5714,276.82,75,100,3.6,US,1702951196
181,queenstown,-31.8976,26.8753,285.37,91,100,1.79,ZA,1702951196
182,tangalle,6.024,80.7911,297.24,87,74,5.19,LK,1702951196
183,arraial do cabo,-22.9661,-42.0278,296.13,88,20,2.06,BR,1702951196
184,wailua homesteads,22.0669,-159.378,296.34,72,100,3.58,US,1702951196
185,walvis bay,-22.9575,14.5053,289.87,94,96,5.66,NA,1702951196
186,pisco,-13.7,-76.2167,294.18,88,75,7.2,PE,1702951196
187,sangareddi,17.6294,78.0917,291.33,60,46,2.31,IN,1702951196
188,saudarkrokur,65.7461,-19.6394,271.24,92,100,2.87,IS,1702951197
189,avarua,-21.2078,-159.775,299.18,78,75,5.66,CK,1702951197
190,jamestown,42.097,-79.2353,274.66,100,100,8.23,US,1702951197
191,invercargill,-46.4,168.35,293.98,37,100,2.25,NZ,1702951197
192,shimanovsk,52.0,127.7,250.99,88,99,2.95,RU,1702951197
193,crane,31.3974,-102.3501,285.02,47,100,4.23,US,1702951197
194,medicine hat,50.0501,-110.6683,277.76,60,75,1.54,CA,1702950986
195,al jumum,21.6169,39.6981,295.93,64,14,1.09,SA,1702951197
196,vila franca do campo,37.7167,-25.4333,291.38,90,100,5.18,PT,1702951197
197,new norfolk,-42.7826,147.0587,289.87,52,75,2.47,AU,1702951048
198,papatowai,-46.5619,169.4708,292.36,51,99,2.8,NZ,1702951198
199,chifeng,42.2683,118.9636,256.11,60,27,4.19,CN,1702951198
200,kujang-up,39.8672,126.0303,264.25,90,100,1.22,KP,1702951198
201,mantua,45.1667,10.7833,278.18,67,1,3.29,IT,1702951198
202,tosontsengel,48.7567,98.2839,233.71,99,79,0.6,MN,1702951198
203,sao fidelis,-21.6461,-41.7469,295.49,95,32,0.97,BR,1702951198
204,saipan,15.1355,145.701,302.54,79,75,7.72,MP,1702951198
205,unhel,23.3333,75.5667,286.03,60,98,3.05,IN,1702951199
206,peace river,56.2501,-117.286,269.32,68,75,2.57,CA,1702951199
207,kismayo,-0.3582,42.5454,300.29,80,70,6.46,SO,1702951199
208,toba,34.4833,136.85,282.64,53,68,1.34,JP,1702951199
209,rio grande,-32.035,-52.0986,293.68,92,100,9.18,BR,1702951047
210,la ronge,55.1001,-105.2842,270.29,68,0,4.12,CA,1702951199
211,pingliang,35.5392,106.6861,267.43,38,0,1.2,CN,1702951199
212,anapa,44.8908,37.3239,280.34,100,75,1.0,RU,1702951199
213,al fuwayliq,26.4432,43.2534,285.23,31,25,2.08,SA,1702951200
214,college,64.8569,-147.8028,261.33,92,100,0.0,US,1702951200
215,lerwick,60.1545,-1.1494,279.15,67,33,11.25,GB,1702951200
216,nantucket,41.2835,-70.0995,282.6,81,75,9.77,US,1702951201
217,san julian,21.0167,-102.1667,286.92,29,93,1.13,MX,1702951207
218,cavelossim,15.1726,73.9419,300.14,65,100,8.29,IN,1702951209
219,tiksi,71.6872,128.8694,254.65,90,100,6.34,RU,1702951210
220,hami,42.8,93.45,259.7,54,0,1.61,CN,1702951059
221,kapchorwa,1.3965,34.4509,287.27,66,19,0.17,UG,1702951211
222,lihue,21.9789,-159.3672,298.73,72,75,8.23,US,1702951052
223,kokopo,-4.352,152.2633,300.99,74,100,1.62,PG,1702951212
224,hithadhoo,-0.6,73.0833,301.28,74,45,2.87,MV,1702951213
225,gadzhiyevo,69.2551,33.3362,263.18,87,6,5.88,RU,1702951213
226,st. john's,47.5649,-52.7093,279.7,93,75,9.26,CA,1702951064
227,blackwater,-23.5833,148.8833,305.94,37,8,4.37,AU,1702951215
228,buta,2.7858,24.73,296.5,67,100,0.59,CD,1702951216
229,manicore,-5.8092,-61.3003,298.71,87,100,0.8,BR,1702951217
230,itacoatiara,-3.1431,-58.4442,299.5,78,99,0.66,BR,1702951218
231,belabo,4.9333,13.3,293.4,48,100,0.81,CM,1702951218
232,nuku'alofa,-21.1333,-175.2,302.34,70,40,8.23,TO,1702951062
233,carbonear,47.7332,-53.2148,281.06,90,100,7.77,CA,1702951219
234,rongelap,11.1635,166.8941,300.28,77,24,9.59,MH,1702951067
235,tolanaro,-25.0319,46.9987,297.19,88,75,1.03,MG,1702951220
236,belomorsk,64.5232,34.7668,273.51,97,97,3.0,RU,1702951220
237,balabac,7.9868,117.0645,301.92,75,55,6.32,PH,1702951221
238,cartagena,10.3997,-75.5144,301.94,74,40,5.14,CO,1702950691
239,cockburn town,21.4612,-71.1419,299.07,77,100,2.72,TC,1702951214
240,hadibu,12.65,54.0333,298.09,76,83,8.29,YE,1702951223
241,bhim tal,29.35,79.5667,277.8,38,0,2.29,IN,1702951224
242,kulhudhuffushi,6.6221,73.07,300.74,79,25,3.68,MV,1702951224
243,bay harbor,30.1471,-85.6146,285.91,68,0,4.12,US,1702951225
244,poronaysk,49.2167,143.1167,261.41,76,100,2.64,RU,1702951227
245,ngaoundere,7.3167,13.5833,292.94,26,100,1.63,CM,1702951229
246,cherokee,34.2668,-84.4499,280.06,48,0,7.72,US,1702951037
247,jerome,42.7241,-114.5186,276.73,72,40,6.69,US,1702951160
248,aykhal,66.0,111.5,250.32,88,92,1.58,RU,1702951230
249,bamboo flat,11.7,92.7167,301.2,83,20,4.12,IN,1702951230
250,chibougamau,49.9168,-74.3659,270.94,93,100,8.23,CA,1702951231
251,kirensk,57.7853,108.1119,232.21,100,60,0.84,RU,1702951233
252,port alfred,-33.5906,26.891,291.03,99,100,2.08,ZA,1702951234
253,sandnessjoen,66.0217,12.6316,276.44,75,100,14.3,NO,1702951236
254,idaho falls,43.4666,-112.0341,273.46,86,100,1.54,US,1702951237
255,blenheim,-41.516,173.9528,300.11,42,9,0.89,NZ,1702951238
256,sept-iles,50.2001,-66.3821,280.4,95,100,5.14,CA,1702951238
257,gebeit,21.0667,36.3167,290.09,68,1,2.71,SD,1702951240
258,garh maharaja,30.8339,71.9053,285.9,38,0,2.18,PK,1702951240
259,nemuro,43.3236,145.575,269.31,59,24,8.99,JP,1702951240
260,bandar labuan,5.2888,115.2692,303.35,79,20,0.0,MY,1702951241
261,quellon,-43.1167,-73.6167,280.3,93,0,1.88,CL,1702951242
262,rehoboth,-23.3167,17.0833,296.75,20,37,2.96,NA,1702951242
263,al ghayzah,16.2079,52.176,294.03,49,2,3.67,YE,1702951243
264,malmslatt,58.411,15.5165,282.18,86,100,10.29,SE,1702951244
265,labytnangi,66.6572,66.4183,259.61,96,100,4.13,RU,1702950985
266,guarapari,-20.6667,-40.4975,296.12,93,13,1.96,BR,1702951244
267,shingu,33.7333,135.9833,284.72,44,28,2.07,JP,1702951245
268,kamina,-8.7386,24.9906,291.74,97,100,1.69,CD,1702951245
269,brindisi,40.5833,17.6667,284.35,89,18,4.54,IT,1702951247
270,maintirano,-18.0667,44.0167,301.6,72,100,3.33,MG,1702951248
271,pimenta bueno,-11.6725,-61.1936,300.21,65,100,1.34,BR,1702951248
272,zhangye,38.9342,100.4517,259.18,81,18,0.77,CN,1702951249
273,naze,28.3667,129.4833,293.66,73,89,7.76,JP,1702951249
274,fada,9.5667,8.3,293.12,25,10,2.57,NG,1702951249
275,rio gallegos,-51.6226,-69.2181,289.18,48,0,6.69,AR,1702951202
276,ust'-kulom,61.6864,53.6902,267.5,97,100,1.91,RU,1702951250
277,saint-philippe,-21.3585,55.7679,298.92,78,0,0.95,RE,1702951191
278,braniewo,54.3797,19.8196,279.89,90,100,8.94,PL,1702951184
279,aras-asan,8.8908,126.3033,300.48,87,100,3.38,PH,1702951252
280,vilyuchinsk,52.9306,158.4028,270.3,73,40,2.46,RU,1702951252
281,miranda de ebro,42.6865,-2.947,279.58,57,0,1.24,ES,1702951252
282,myeik,12.4333,98.6,299.64,69,68,2.05,MM,1702951252
283,banda aceh,5.5577,95.3222,300.94,79,88,8.36,ID,1702951252
284,fisterra,42.9049,-9.2629,278.57,77,49,0.94,ES,1702951252
285,saraqib,35.8645,36.8059,280.02,43,0,0.72,SY,1702951252
286,hilo,19.7297,-155.09,296.0,87,100,2.57,US,1702951124
287,felege neway,6.3,36.8833,289.18,68,59,0.35,ET,1702951253
288,marka,1.7159,44.7717,298.36,82,48,5.93,SO,1702951253
289,pimentel,-6.8367,-79.9342,295.31,83,0,7.2,PE,1702951253
290,paracuru,-3.41,-39.0306,300.99,85,100,4.1,BR,1702951093
291,roma,43.2128,-75.4557,277.94,85,100,0.0,US,1702951253
292,barstow,34.8986,-117.0228,288.24,19,92,2.71,US,1702951254
293,huangnihe,43.5583,128.0239,256.92,74,100,1.03,CN,1702951254
294,al qaryatayn,34.2296,37.2407,279.32,61,0,0.65,SY,1702951254
295,fort bragg,35.139,-79.006,284.06,54,100,7.72,US,1702951255
296,kongolo,-5.3833,27.0,294.6,97,100,0.65,CD,1702951255
297,taoudenni,22.6783,-3.9836,283.6,39,28,6.64,ML,1702951255
298,'ali al gharbi,32.4633,46.6864,287.68,48,96,3.29,IQ,1702951255
299,enniskillen,54.3461,-7.6413,280.91,91,100,2.04,GB,1702951255
300,lone grove,34.1754,-97.2628,280.36,49,2,2.81,US,1702951255
301,letlhakane,-21.4167,25.5833,297.1,76,100,4.21,BW,1702951256
302,pitimbu,-7.4706,-34.8086,300.48,83,88,1.62,BR,1702951256
303,shahrak,34.1074,64.3052,273.44,37,100,2.62,AF,1702951256
304,north bend,43.4065,-124.2243,285.97,94,75,2.06,US,1702951256
305,viedma,-40.8135,-62.9967,284.45,57,0,1.63,AR,1702951235
306,lethem,3.3803,-59.7968,304.08,51,94,5.33,GY,1702951256
307,goundam,16.4145,-3.6708,288.32,18,99,7.97,ML,1702951257
308,krasnokholm,51.5979,54.1567,267.83,98,100,2.57,RU,1702951257
309,juan griego,11.0817,-63.9655,298.61,91,11,3.66,VE,1702951257
310,sungai penuh,-2.0833,101.3833,292.36,97,100,0.98,ID,1702951257
311,santa maria,-29.6842,-53.8069,296.76,83,40,2.57,BR,1702951244
312,cururupu,-1.8283,-44.8683,298.3,88,44,1.58,BR,1702951257
313,kayangel,8.0823,134.7173,301.68,73,3,7.21,PW,1702951257
314,rondonopolis,-16.4708,-54.6356,300.84,32,16,0.86,BR,1702951207
315,aioun,16.6614,-9.6149,287.85,20,37,7.31,MR,1702951258
316,buka,40.8108,69.1986,276.21,82,100,2.36,UZ,1702951049
317,sinabang,2.4803,96.3801,300.92,80,89,1.55,ID,1702951258
318,bubaque,11.2833,-15.8333,300.39,49,100,6.64,GW,1702951258
319,bela,25.9333,81.9833,285.19,49,52,2.87,IN,1702951258
320,siocon,7.7061,122.1353,301.34,78,100,3.07,PH,1702951258
321,hushitai,41.9322,123.5114,261.1,84,100,5.02,CN,1702951259
322,santana,-0.0583,-51.1817,301.25,78,20,3.09,BR,1702951259
323,san jose del cabo,23.0589,-109.6977,298.56,74,100,0.25,MX,1702951259
324,lompoc,34.6391,-120.4579,289.59,88,100,4.63,US,1702951197
325,irece,-11.3042,-41.8558,296.68,69,97,2.41,BR,1702951259
326,puerto francisco de orellana,-0.4667,-76.9667,296.51,96,30,0.41,EC,1702951259
327,kapit,2.0167,112.9333,297.04,99,100,0.32,MY,1702951259
328,eenhana,-17.4667,16.3333,293.86,73,100,3.95,NA,1702951260
329,midvagur,62.0511,-7.1939,277.61,75,75,6.17,FO,1702951260
330,port mathurin,-19.6833,63.4167,299.84,78,32,7.88,MU,1702951047
331,banamba,13.55,-7.45,286.78,23,7,4.37,ML,1702951260
332,munchenbuchsee,47.0218,7.4504,277.78,92,100,2.57,CH,1702951202
333,luderitz,-26.6481,15.1594,289.97,71,51,7.32,NA,1702951261
334,nogliki,51.8333,143.1667,254.02,79,100,5.4,RU,1702951261
335,karratha,-20.7377,116.8463,298.33,70,0,6.1,AU,1702951233
336,brisas de zicatela,15.8369,-97.0419,299.44,61,40,1.54,MX,1702951262
337,cuamba,-14.8031,36.5372,298.66,63,98,1.01,MZ,1702951262
338,pointe-noire,-4.7761,11.8635,299.33,89,100,1.09,CG,1702951050
339,yeed,4.55,43.0333,297.78,54,89,5.64,SO,1702951264
340,san luis de la loma,17.2706,-100.8939,296.58,96,14,1.47,MX,1702951264
341,las terrenas,19.311,-69.5428,298.83,84,100,5.22,DO,1702951265
342,markovo,57.3206,107.0881,234.1,100,57,0.61,RU,1702951265
343,dalandzadgad,43.5708,104.425,251.47,64,0,0.45,MN,1702951265
344,sovetskaya gavan',48.9723,140.2878,255.99,81,100,2.23,RU,1702951266
345,roseburg north,43.2645,-123.3033,282.18,78,0,0.0,US,1702951063
346,chimore,-16.9833,-65.1333,297.61,93,100,0.98,BO,1702951266
347,retreat,38.8245,-85.8533,271.73,73,7,1.34,US,1702951268
348,harjavalta,61.3167,22.1333,274.0,98,100,4.34,FI,1702951268
349,kerikeri,-35.2268,173.9474,295.13,65,43,3.03,NZ,1702951043
350,alice springs,-23.7,133.8833,302.9,28,11,6.69,AU,1702951061
351,lichinga,-13.3128,35.2406,291.48,74,100,1.64,MZ,1702951269
352,hotan,37.0997,79.9269,267.67,49,7,1.35,CN,1702951270
353,saint-pierre,-21.3393,55.4781,298.97,61,0,3.6,RE,1702951270
354,bafilo,9.35,1.2667,294.71,22,4,1.86,TG,1702951270
355,bria,6.5423,21.9863,295.27,39,100,1.78,CF,1702951271
356,sharanga,57.1775,46.5396,269.29,95,85,3.69,RU,1702951271
357,vernon,50.2581,-119.2691,275.89,85,100,1.03,CA,1702951270
358,mojo,8.6,39.1167,288.71,57,100,1.87,ET,1702951272
359,ankang,32.68,109.0172,277.64,60,100,0.15,CN,1702951272
360,savanna-la-mar,18.219,-78.1332,299.22,74,1,4.84,JM,1702951272
361,willowmore,-33.2926,23.4895,286.98,79,13,2.71,ZA,1702951273
362,yalutorovsk,56.6536,66.3006,262.02,96,98,3.13,RU,1702951273
363,ancud,-41.8697,-73.8203,284.39,65,0,2.85,CL,1702951057
364,huarmey,-10.0681,-78.1522,294.68,87,100,4.09,PE,1702951274
365,argo,37.6333,22.7333,283.01,47,0,1.86,GR,1702951275
366,geraldton,-28.7667,114.6,309.38,19,3,8.75,AU,1702951138
367,spring hill,28.4769,-82.5255,288.61,81,0,0.45,US,1702951276
368,ajdabiya,30.7554,20.2263,286.64,77,21,4.42,LY,1702951276
369,nar'yan-mar,67.6713,53.087,261.54,93,98,6.71,RU,1702951277
370,guiuan,11.0333,125.7247,300.45,84,100,7.77,PH,1702951070
371,kerema,-7.9631,145.7785,303.16,67,44,2.46,PG,1702951278
372,gaspe,48.8334,-64.4819,285.27,94,100,14.4,CA,1702951278
373,opuwo,-18.0607,13.84,297.98,41,100,0.38,NA,1702951279
374,tofol,5.3248,163.0078,300.97,75,92,9.44,FM,1702951077
375,sengkang,-4.1279,120.0297,302.92,69,100,0.18,ID,1702951280
376,vila do maio,15.1333,-23.2167,296.59,67,33,7.82,CV,1702951280
377,cherbourg-octeville,49.6386,-1.6147,283.99,87,0,9.77,FR,1702951281
378,paita,-5.0892,-81.1144,295.13,82,73,6.16,PE,1702951282
379,turpan,42.9333,89.1667,263.57,49,0,1.44,CN,1702951282
380,suva,-18.1416,178.4415,301.86,79,40,6.17,FJ,1702951284
381,smithers,54.7804,-127.1743,269.33,93,100,1.03,CA,1702951285
382,coquimbo,-29.9533,-71.3436,289.0,88,100,3.09,CL,1702951018
383,gisborne,-38.6533,178.0042,297.95,59,81,2.3,NZ,1702951255
384,palu,-0.8917,119.8707,304.39,65,100,0.85,ID,1702951287
385,doma,8.3833,8.35,298.34,24,42,0.71,NG,1702951287
386,kabansk,52.0486,106.6528,252.4,96,100,3.27,RU,1702951288
387,kingston,17.997,-76.7936,299.68,76,20,10.8,JM,1702951068
388,st. thomas,42.7736,-81.1804,273.0,93,100,9.69,CA,1702951289
389,mariental,-24.6333,17.9667,296.23,20,79,4.49,NA,1702951289
390,oyem,1.5995,11.5793,293.47,95,100,1.07,GA,1702951289
391,oum hadjer,13.2954,19.6966,295.51,29,76,4.07,TD,1702951290
392,kailua-kona,19.6406,-155.9956,298.3,85,74,1.92,US,1702951190
393,litovel,49.7012,17.0762,275.27,79,15,0.62,CZ,1702951291
394,wynyard,-41.0,145.7167,292.21,38,6,4.79,AU,1702951291
395,rikaze,29.25,88.8833,272.5,26,0,0.5,CN,1702951292
396,atamyrat,37.8357,65.2106,276.4,78,41,3.93,TM,1702951292
397,weno,7.4515,151.8468,304.12,70,40,5.66,FM,1702951062
398,lata,40.1629,-8.3327,277.56,75,0,1.21,PT,1702951292
399,ilebo,-4.3167,20.5833,294.8,99,100,0.38,CD,1702951293
400,khuzdar,27.7384,66.6434,280.1,33,0,0.95,PK,1702951294
401,arendal,58.4615,8.7725,280.04,62,48,8.34,NO,1702951295
402,qamdo,31.1667,97.2333,265.48,55,7,1.21,CN,1702951295
403,manaure,11.7751,-72.4445,299.3,87,9,2.04,CO,1702951295
404,isla aguada,18.7833,-91.4667,296.38,58,3,4.66,MX,1702951295
405,mangai,-4.05,19.5333,294.35,98,100,0.62,CD,1702951296
406,hirara,24.8,125.2833,298.3,69,75,6.17,JP,1702951296
407,ketchikan,55.3422,-131.6461,279.14,85,100,1.55,US,1702951297
408,port saint john's,-31.6229,29.5448,293.7,86,100,3.74,ZA,1702951297
409,kodinsk,58.6881,99.1844,241.17,100,70,1.07,RU,1702951297
410,marsh harbour,26.5412,-77.0636,293.1,66,0,5.52,BS,1702951206
411,fort st. john,56.2499,-120.8529,269.09,80,75,1.54,CA,1702951212
412,gambiran satu,-8.3939,114.1464,302.45,50,26,2.84,ID,1702951298
413,amahai,-3.3333,128.9167,303.88,65,24,0.75,ID,1702951300
414,tanjung pinang,0.9167,104.45,301.17,79,100,3.26,ID,1702951301
415,mersing,2.4312,103.8405,298.1,94,40,3.6,MY,1702951301
416,dongsheng,39.8161,109.9776,252.49,89,8,4.12,CN,1702951301
417,trujillo,-8.116,-79.03,294.13,83,20,4.63,PE,1702951301
418,talakan,50.3167,130.3667,246.1,87,59,0.98,RU,1702951302
419,tanque verde,32.2517,-110.7373,295.24,21,100,1.34,US,1702951303
420,mumbwa,-14.9783,27.0619,292.04,98,100,2.11,ZM,1702951303
421,leninkent,42.9689,47.352,277.35,51,87,2.09,RU,1702951304
422,irymple,-34.25,142.1667,299.37,30,87,10.03,AU,1702951305
423,dolores,-36.3132,-57.6792,285.65,66,83,4.98,AR,1702951305
424,grand falls-windsor,48.9332,-55.6649,281.21,86,100,3.58,CA,1702951306
425,qaisumah,28.3112,46.1273,283.13,66,0,2.06,SA,1702951307
426,cozumel,20.5083,-86.9458,297.01,79,0,3.13,MX,1702951023
427,petropavlovsk-kamchatsky,53.0452,158.6483,269.48,83,75,6.0,RU,1702951308
428,konotop,51.2403,33.2026,274.29,100,100,3.06,UA,1702951309
429,southwick,42.0548,-72.7704,280.66,86,100,4.63,US,1702951309
430,wakema,16.6,95.1833,298.58,63,60,3.15,MM,1702951311
431,newman,37.3138,-121.0208,289.28,92,100,1.34,US,1702951311
432,morehead city,34.7229,-76.726,286.15,80,0,3.09,US,1702951013
433,hauterive,46.0901,3.4459,272.57,72,4,1.12,FR,1702951311
434,ciutadella,40.0011,3.8414,281.6,72,0,2.71,ES,1702951311
435,kosikha,53.3617,84.5822,252.32,81,100,3.57,RU,1702951312
436,salahonda,2.1019,-78.7217,299.18,89,100,3.78,CO,1702951312
437,sinop,41.7711,34.8709,277.37,72,97,2.82,TR,1702951312
438,ruidoso,33.3317,-105.673,279.96,38,0,0.0,US,1702951312
439,hobbs,32.7026,-103.136,282.07,57,0,3.09,US,1702951312
440,hutang,31.5333,119.4833,273.62,100,100,1.94,CN,1702951312
441,antofagasta,-23.65,-70.4,291.75,80,96,2.57,CL,1702951208
442,mbabane,-26.3167,31.1333,291.57,94,100,1.02,SZ,1702951313
443,saint-georges,12.0564,-61.7485,299.97,83,20,1.03,GD,1702951313
444,autazes,-3.5797,-59.1306,299.08,81,100,0.44,BR,1702951313
445,lospalos,-8.5186,127.0025,303.51,51,85,1.63,TL,1702951314
446,chaman,30.9236,66.4512,280.3,24,6,1.05,PK,1702951314
447,igarka,67.4667,86.5833,255.02,84,100,11.58,RU,1702951314
448,las varillas,-31.8721,-62.7195,287.77,95,100,6.04,AR,1702951315
449,den burg,53.0542,4.7972,283.14,99,100,7.72,NL,1702951315
450,lubsko,51.7847,14.972,279.77,57,88,5.75,PL,1702951315
451,soio,-6.1349,12.3689,299.37,88,100,1.66,AO,1702951056
452,labuan,5.2767,115.2417,303.35,79,20,0.0,MY,1702951315
453,sikonge,-5.6333,32.7667,292.27,85,83,1.15,TZ,1702951316
454,torbat-e heydariyeh,35.274,59.2195,276.07,69,100,3.03,IR,1702951316
455,arba minch,6.0333,37.55,292.03,62,78,1.69,ET,1702951316
456,oppdal,62.5943,9.6912,271.91,87,41,20.58,NO,1702951316
457,kapa'a,22.0752,-159.319,296.75,71,100,2.24,US,1702951317
458,florence,43.7667,11.25,282.85,77,0,0.51,IT,1702950694
459,the pas,53.8251,-101.2541,269.16,68,0,6.17,CA,1702951317
460,panaba,21.2833,-88.2667,295.81,50,95,4.99,MX,1702951275
461,bafq,31.6128,55.4107,280.37,37,66,0.34,IR,1702951317
462,susuman,62.7833,148.1667,239.06,100,98,0.62,RU,1702951317
463,mokopane,-24.1944,29.0097,294.66,67,100,2.25,ZA,1702951318
464,fukuecho,32.6881,128.8419,280.35,87,75,2.57,JP,1702951318
465,urangan,-25.3,152.9,300.47,61,7,2.76,AU,1702951318
466,kuanda,56.3161,116.0806,238.97,94,32,0.3,RU,1702951318
467,codrington,-38.2667,141.9667,290.28,48,18,6.83,AU,1702951318
468,beli,7.8587,10.9719,296.58,24,78,1.1,NG,1702951319
469,campbellton,48.0075,-66.6727,282.4,82,100,7.26,CA,1702951319
470,ulladulla,-35.35,150.4667,308.58,51,100,6.08,AU,1702951319
471,santa terezinha,-29.9002,-50.0904,296.18,92,100,4.22,BR,1702951319
472,chokwe,-24.5333,32.9833,296.33,94,2,1.8,MZ,1702951319
473,pokrovsk,48.282,37.1758,275.44,99,100,2.46,UA,1702951319
474,uyar,55.81,94.3153,237.62,100,27,1.63,RU,1702951319
475,ust'-barguzin,53.45,108.9833,252.05,99,100,2.88,RU,1702951320
476,eastham,41.8301,-69.9739,283.15,76,13,2.24,US,1702951320
477,copiapo,-27.3667,-70.3333,286.98,76,0,1.49,CL,1702951221
478,peterhead,57.5058,-1.7981,278.3,73,82,6.24,GB,1702951320
479,bardai,11.65,7.2333,292.34,25,100,3.54,NG,1702951321
480,kilju,40.9642,129.3278,267.82,72,81,0.5,KP,1702951321
481,beidaihehaibin,39.8222,119.5181,265.61,54,2,5.75,CN,1702951322
482,tromso,69.6496,18.957,272.16,80,97,3.09,NO,1702951322
483,thunder bay,48.4001,-89.3168,262.14,62,0,3.6,CA,1702951114
484,tataouine,32.9297,10.4518,284.32,85,87,2.05,TN,1702951323
485,san antonio de pale,-1.4014,5.6325,300.42,78,95,3.27,GQ,1702951323
486,okha,53.5739,142.9478,253.97,91,79,8.76,RU,1702951324
487,minas de marcona,-15.2119,-75.1103,290.37,81,75,3.99,PE,1702951324
488,zhob,31.3411,69.4481,278.35,31,0,0.46,PK,1702951325
489,salinopolis,-0.6136,-47.3561,299.61,86,33,3.87,BR,1702951325
490,mont-laurier,46.5501,-75.4993,274.94,96,100,4.34,CA,1702951323
491,island harbour,50.724,-1.2758,285.89,91,99,3.13,GB,1702951327
492,fall river,41.7015,-71.1551,283.17,80,28,2.68,US,1702951192
493,kolonia,50.9333,6.95,279.29,80,100,3.6,DE,1702951051
494,bang saphan,11.2126,99.5117,301.33,71,59,4.01,TH,1702951328
495,bam,29.106,58.357,283.93,27,96,0.54,IR,1702951328
496,miches,18.9836,-69.0476,296.79,90,49,2.27,DO,1702951329
497,nelson bay,-32.7167,152.15,305.18,75,93,3.58,AU,1702951329
498,praia,14.9215,-23.5087,296.45,73,20,6.69,CV,1702951329
499,talcahuano,-36.7167,-73.1167,287.97,67,0,5.66,CL,1702951291
500,westport,41.1415,-73.3579,281.58,72,6,0.45,US,1702951188
501,al hoceima,35.2433,-3.9309,280.72,81,40,2.06,MA,1702951330
502,miragoane,18.4423,-73.0876,298.41,85,98,2.49,HT,1702951331
503,newport,51.5877,-2.9984,286.21,95,100,6.56,GB,1702951331
504,bodo,67.28,14.405,278.17,75,100,6.69,NO,1702951331
505,kargasok,59.0556,80.8572,256.88,77,100,8.4,RU,1702951332
506,malabar,-33.9667,151.25,305.21,63,0,2.57,AU,1702951332
507,coaldale,49.7167,-112.6185,281.49,34,40,6.69,CA,1702951204
508,valley city,46.9233,-98.0032,267.44,79,0,7.2,US,1702951332
509,belyy yar,53.6039,91.3903,236.09,74,15,0.0,RU,1702951333
510,fauske,67.2588,15.3918,278.17,81,100,4.02,NO,1702951334
511,manokwari,-0.8667,134.0833,300.02,84,100,3.93,ID,1702951149
512,mpulungu,-8.7623,31.1141,295.26,88,97,1.92,ZM,1702951335
513,montepuez,-13.1256,38.9997,294.78,92,100,0.89,MZ,1702951335
514,ulverstone,-41.15,146.1667,295.22,49,4,5.41,AU,1702951335
515,daru,-9.0763,143.2092,302.72,75,90,1.64,PG,1702951336
516,urucara,-2.5364,-57.76,298.91,80,51,0.09,BR,1702951336
517,dzhambeyty,50.2536,52.595,270.52,97,100,3.9,KZ,1702951337
518,olyokminsk,60.3736,120.4264,244.88,92,100,2.69,RU,1702951337
519,porto novo,6.4965,2.6036,299.51,81,100,1.9,BJ,1702951338
520,tarawa,1.419,172.984,299.2,94,100,3.6,KI,1702951338
521,labrador city,52.9463,-66.9114,278.55,97,100,8.9,CA,1702951206
522,city of balikpapan,-1.242,116.8942,301.12,83,20,1.54,ID,1702951339
523,broome,42.2506,-75.833,276.42,85,40,4.12,US,1702951340
524,malango,-2.9627,119.9001,296.3,90,100,0.76,ID,1702951340
525,luganville,-15.5333,167.1667,302.01,76,60,3.07,VU,1702951340
526,bafoulabe,13.8065,-10.8321,293.05,17,65,3.41,ML,1702951341
527,san patricio,28.017,-97.5169,290.84,55,98,3.85,US,1702951341
528,margate,51.3813,1.3862,285.3,88,100,4.92,GB,1702951203
529,kone,-21.0595,164.8658,300.86,66,90,2.01,NC,1702951343
530,heyuan,23.7333,114.6833,284.28,65,78,3.56,CN,1702951343
531,birao,10.2849,22.7882,293.39,31,70,2.18,CF,1702951344
532,ilabaya,-17.4208,-70.5133,293.11,65,90,1.74,PE,1702951344
533,darnah,32.767,22.6367,288.15,69,43,3.09,LY,1702951344
534,melfort,52.8667,-104.6177,268.22,74,100,4.63,CA,1702951345
535,kalmunai,7.4167,81.8167,299.72,82,56,2.32,LK,1702951345
536,inarajan village,13.2736,144.7484,303.37,85,23,7.9,GU,1702951345
537,aswan,24.0934,32.907,290.76,45,0,2.57,EG,1702951346
538,nizhnyaya salda,58.0776,60.7202,260.37,96,67,2.46,RU,1702951346
539,ta`u,-14.2336,-169.5144,301.12,81,85,3.59,AS,1702951346
540,inirida,3.8653,-67.9239,297.03,95,100,0.78,CO,1702951347
541,puerto el triunfo,13.2833,-88.55,298.04,50,2,2.73,SV,1702951347
542,lubang,13.8584,120.124,300.52,81,100,9.29,PH,1702951348
543,bogandinskiy,56.8937,65.8938,263.3,95,97,2.7,RU,1702951348
544,galle,6.0367,80.217,298.34,87,86,0.92,LK,1702951348
545,broken hill,-31.95,141.4333,300.21,33,61,9.96,AU,1702951084
546,amga,60.8953,131.9608,234.29,100,100,0.67,RU,1702951068
547,usinsk,65.9939,57.5281,262.08,93,100,8.49,RU,1702951350
548,saint-joseph,-21.3667,55.6167,298.36,79,4,0.73,RE,1702951351
549,saeby,57.3319,10.5225,282.02,84,100,13.12,DK,1702951351
550,cacoal,-11.4386,-61.4472,300.04,68,100,0.94,BR,1702951352
551,nabire,-3.3667,135.4833,300.84,86,72,2.18,ID,1702951352
552,wuhai,39.6647,106.8122,258.22,70,4,2.36,CN,1702951353
553,somerset,40.5668,-74.5496,280.43,68,0,2.57,US,1702951242
554,aguada de pasajeros,22.385,-80.8508,291.34,76,0,2.68,CU,1702951353
555,luanda,-8.8368,13.2343,299.15,89,75,1.03,AO,1702951354
556,cobija,-11.0267,-68.7692,299.89,69,100,1.26,BO,1702951354
